{"min_point_version": 35, "name": "AMBOSS add-on", "conflicts": ["1802678182", "284539653", "1652499981", "1845101054", "1825633113", "856854170", "1831735618", "920818232", "68362429", "1658114429", "1392564641", "237370011", "1528368129", "705883620"], "mod": 1699894878, "homepage": "", "config": {"enablePopupDefinitions": true, "enablePopupDefinitonsOnQuestions": true, "enableArticleViewer": true, "enableMobileSupport": true, "enableQBankHomeIntegration": true, "hotkeyOpenNextPopup": "Shift+F", "hotkeyOpenPreviousPopup": "Shift+D", "hotkeyClosePopup": "Shift+Esc", "hotkeyToggleSidePanel": "Shift+S", "styleColorHighlights": "#0fcad4"}, "disabled": false, "max_point_version": 0, "branch_index": 0, "update_enabled": true}